ID,DistrictNo,DistrictName,MandalName,Mandal_code,mandtype,ac_code,pc_code,ac_name,dist_name,old_mand,old_ac,INSERT
1,1,Adilabad,Adilabad Rural,01,1,7,,Adilabad,,1,
2,1,Adilabad,Bazarhathnoor,02,1,8,,BOATH (ST),,9,
3,1,Adilabad,Bela,03,1,7,,Adilabad,,2,
4,1,Adilabad,Bheempoor,04,1,8,,BOATH (ST),,10,
5,1,Adilabad,Bhoraj,05,1,7,,Adilabad,,3,
6,1,Adilabad,Boath,06,1,8,,BOATH (ST),,11,
7,1,Adilabad,Echoda,07,1,8,,BOATH (ST),,12,
8,1,Adilabad,Gadiguda,08,1,5,,ASIFABAD (ST),,7,
9,1,Adilabad,Gudihathnur,09,1,8,,BOATH (ST),,13,
10,1,Adilabad,Inderavelly,10,1,6,,KHANAPUR (ST),,19,
11,1,Adilabad,Jainad,11,1,7,,Adilabad,,4,
12,1,Adilabad,Mavala,12,1,7,,Adilabad,,5,
13,1,Adilabad,Narnoor,13,1,5,,ASIFABAD (ST),,8,
14,1,Adilabad,Neradigonda,14,1,8,,BOATH (ST),,14,
15,1,Adilabad,Sathnala,15,1,7,,Adilabad,,6,
16,1,Adilabad,Sirikonda,16,1,8,,BOATH (ST),,15,
17,1,Adilabad,Sonala,17,1,8,,BOATH (ST),,16,
18,1,Adilabad,Talamadugu,18,1,8,,BOATH (ST),,17,
19,1,Adilabad,Tamsi,19,1,8,,BOATH (ST),,18,
20,1,Adilabad,Utnur,20,1,6,,KHANAPUR (ST),,20,
21,1,Adilabad,Adilabad (U),21,2,7,,Adilabad,,569,
22,2,Bhadradri Kothagudem,Allapalli,01,1,110,,Pinapaka (ST),,33,
23,2,Bhadradri Kothagudem,Annapureddipalle,02,1,118,,ASWARAOPETA (ST),,21,
24,2,Bhadradri Kothagudem,Aswapuram,03,1,110,,Pinapaka (ST),,34,
25,2,Bhadradri Kothagudem,Aswaraopeta,04,1,118,,ASWARAOPETA (ST),,22,
26,2,Bhadradri Kothagudem,Bhadrachalam,05,1,119,,BHADRACHALAM (ST),,26,
27,2,Bhadradri Kothagudem,Burgampadu,06,1,110,,Pinapaka (ST),,35,
28,2,Bhadradri Kothagudem,Chandrugonda,07,1,118,,ASWARAOPETA (ST),,23,
29,2,Bhadradri Kothagudem,Cherla,08,1,119,,BHADRACHALAM (ST),,27,
30,2,Bhadradri Kothagudem,Chunchupally,09,1,117,,KOTHAGUDEM,,29,
31,2,Bhadradri Kothagudem,Dammapeta,10,1,118,,ASWARAOPETA (ST),,24,
32,2,Bhadradri Kothagudem,Dummugudem,11,1,119,,BHADRACHALAM (ST),,28,
33,2,Bhadradri Kothagudem,Gundala,12,1,110,,Pinapaka (ST),,36,
34,2,Bhadradri Kothagudem,Julurpad,13,1,115,,WYRA (ST),,40,
35,2,Bhadradri Kothagudem,Karakagudem,14,1,110,,Pinapaka (ST),,37,
36,2,Bhadradri Kothagudem,Laxmidevipalli,15,1,117,,KOTHAGUDEM,,30,
37,2,Bhadradri Kothagudem,Manuguru,16,1,110,,Pinapaka (ST),,38,
38,2,Bhadradri Kothagudem,Mulakalapalle,17,1,118,,ASWARAOPETA (ST),,25,
39,2,Bhadradri Kothagudem,Palawancha,18,1,117,,KOTHAGUDEM,,31,
40,2,Bhadradri Kothagudem,Pinapaka,19,1,110,,Pinapaka (ST),,39,
41,2,Bhadradri Kothagudem,Sujathanagar,20,1,117,,KOTHAGUDEM,,32,
42,2,Bhadradri Kothagudem,Tekulapalle,21,1,111,,YELLANDU (ST),,41,
43,2,Bhadradri Kothagudem,Yellandu,22,1,111,,YELLANDU (ST),,42,
44,2,Bhadradri Kothagudem,Kothagudem (U),23,2,117,,KOTHAGUDEM,,570,
45,2,Bhadradri Kothagudem,Manuguru(PT) (U),24,2,110,,Pinapaka (ST),,571,
46,2,Bhadradri Kothagudem,Yellandu (U),25,2,111,,YELLANDU (ST),,572,
47,3,Hanumakonda,Athmakur,01,1,104,,PARKAL,,540,
48,3,Hanumakonda,Bheemadevarapalle,02,1,32,,HUSNABAD,,535,
49,3,Hanumakonda,Damera,03,1,104,,PARKAL,,541,
50,3,Hanumakonda,Dharmasagar,04,1,99,,GHANPUR (STATION) (SC),,533,
51,3,Hanumakonda,Elkathurthi,05,1,32,,HUSNABAD,,536,
52,3,Hanumakonda,Hasanparthy,06,1,107,,WARADHANAPET (SC),,538,
53,3,Hanumakonda,Inavole,07,1,107,,WARADHANAPET (SC),,543,
54,3,Hanumakonda,Kamalapur,08,1,31,,HUZURABAD,,537,
55,3,Hanumakonda,Nadikuda,09,1,104,,PARKAL,,539,
56,3,Hanumakonda,Parkal,10,1,104,,PARKAL,,542,
57,3,Hanumakonda,Shayampet,11,1,108,,BHUPALPALLE,,532,
58,3,Hanumakonda,Velair,12,1,99,,GHANPUR (STATION) (SC),,534,
59,3,Hanumakonda,Hanumakonda (U),13,2,105,,Warangal West,,705,
60,3,Hanumakonda,Hasanparthy (U),14,2,107,,WARADHANAPET (SC),,706,
61,3,Hanumakonda,Inavole (U),15,2,107,,WARADHANAPET (SC),,707,
62,3,Hanumakonda,Kazipet (U),16,2,105,,Warangal West,,708,
63,3,Hanumakonda,Parkal (U),17,2,104,,PARKAL,,709,
64,4,Hyderabad,Amberpet,01,1,59,,Amberpet,,,
65,4,Hyderabad,Ameerpet,02,1,62,,Sanathnagar,,,
66,4,Hyderabad,Asifnagar,03,1,63,,Nampally,,,
67,4,Hyderabad,Bahadurpura,04,1,69,,Bahadurpura,,,
68,4,Hyderabad,Bandlaguda,05,1,67,,Chandrayangutta,,,
69,4,Hyderabad,Charminar,06,1,68,,Yakutpura,,,
70,4,Hyderabad,Golconda,07,1,64,,Karwan,,,
71,4,Hyderabad,Himayathnagar,08,1,60,,Khairatabad,,,
72,4,Hyderabad,Khairatabad,09,1,60,,Khairatabad,,,
73,4,Hyderabad,Marredpally,10,1,57,,Secunderabad Cantt (SC)\r\n,,,
74,4,Hyderabad,Musheeraabd,11,1,70,,Secunderabad,,,
75,4,Hyderabad,Nampally,12,1,63,,Nampally,,,
76,4,Hyderabad,Saidabad,13,1,68,,Yakutpura,,,
77,4,Hyderabad,Secunderabad,14,1,70,,Secunderabad,,,
78,4,Hyderabad,Shaikpet,15,1,61,,Jubilee Hills,,,
79,4,Hyderabad,Tirumalgiri,16,1,57,,Secunderabad Cantt (SC)\r\n,,,
80,5,Jagithyal,Beerpur,01,1,21,,Jagtial,,51,
81,5,Jagithyal,Bheemaram,02,1,28,,VEMULAWADA,,60,
82,5,Jagithyal,Buggaram,03,1,22,,DHARMAPURI (SC),,45,
83,5,Jagithyal,Dharmapuri,04,1,22,,DHARMAPURI (SC),,46,
84,5,Jagithyal,Endapalli,05,1,22,,DHARMAPURI (SC),,47,
85,5,Jagithyal,Gollapalli,06,1,22,,DHARMAPURI (SC),,48,
86,5,Jagithyal,Ibrahimpatnam,07,1,20,,KORATLA,,56,
87,5,Jagithyal,Jagityal_Rural,08,1,21,,Jagtial,,52,
88,5,Jagithyal,Jagtial,09,1,21,,Jagtial,,53,
89,5,Jagithyal,Kathlapur,10,1,28,,VEMULAWADA,,61,
90,5,Jagithyal,Kodimial,11,1,27,,CHOPPADANDI (SC),,43,
91,5,Jagithyal,Koratla,12,1,20,,KORATLA,,57,
92,5,Jagithyal,Mallapur,13,1,20,,KORATLA,,58,
93,5,Jagithyal,Mallial,14,1,27,,CHOPPADANDI (SC),,44,
94,5,Jagithyal,Medipalle,15,1,28,,VEMULAWADA,,62,
95,5,Jagithyal,Metpalli,16,1,20,,KORATLA,,59,
96,5,Jagithyal,Pegadapalli,17,1,22,,DHARMAPURI (SC),,49,
97,5,Jagithyal,Raikal,18,1,21,,Jagtial,,54,
98,5,Jagithyal,Sarangapur,19,1,21,,Jagtial,,55,
99,5,Jagithyal,Velgatur,20,1,22,,DHARMAPURI (SC),,50,
100,5,Jagithyal,Dharmapuri (U),21,2,22,,DHARMAPURI (SC),,573,
101,5,Jagithyal,Jagityal (U),22,2,21,,Jagtial,,574,
102,5,Jagithyal,Koratla (U),23,2,20,,KORATLA,,575,
103,5,Jagithyal,Metpalle (U),24,2,20,,KORATLA,,576,
104,5,Jagithyal,Raikal (U),25,2,21,,Jagtial,,577,
105,6,Jangaon,Bachannapet,01,1,98,,Jangaon,,549,
106,6,Jangaon,Chilpur,02,1,99,,GHANPUR (STATION) (SC),,544,
107,6,Jangaon,Devaruppula,03,1,100,,PALAKURTHI,,553,
108,6,Jangaon,Ghanpur (Stn),04,1,99,,GHANPUR (STATION) (SC),,545,
109,6,Jangaon,Jangoan,05,1,98,,Jangaon,,550,
110,6,Jangaon,Kodakandla,06,1,100,,PALAKURTHI,,554,
111,6,Jangaon,Lingalaghanpur,07,1,99,,GHANPUR (STATION) (SC),,546,
112,6,Jangaon,Narmetta,08,1,98,,Jangaon,,551,
113,6,Jangaon,Palakurthy,09,1,100,,PALAKURTHI,,555,
114,6,Jangaon,Ragunathpally,10,1,99,,GHANPUR (STATION) (SC),,547,
115,6,Jangaon,Tharigoppula,11,1,98,,Jangaon,,552,
116,6,Jangaon,Zaffergadh,12,1,99,,GHANPUR (STATION) (SC),,548,
117,6,Jangaon,Jangaon (U),13,2,98,,JANGAON,,710,
118,6,Jangaon,Station Ghanpur (U),14,2,99,,GHANPUR (STATION) (SC),,711,
119,7,Jayashankar Bhupalpally,Bhupalpally,01,1,108,,BHUPALPALLE,,63,
120,7,Jayashankar Bhupalpally,Chityal,02,1,108,,BHUPALPALLE,,64,
121,7,Jayashankar Bhupalpally,Ghanapur_Mulug,03,1,108,,BHUPALPALLE,,65,
122,7,Jayashankar Bhupalpally,Kataram,04,1,24,,MANTHANI,,70,
123,7,Jayashankar Bhupalpally,Kothapallygori,05,1,108,,BHUPALPALLE,,66,
124,7,Jayashankar Bhupalpally,Mahadevpur,06,1,24,,MANTHANI,,71,
125,7,Jayashankar Bhupalpally,Malharrao,07,1,24,,MANTHANI,,72,
126,7,Jayashankar Bhupalpally,Mogullapally,08,1,108,,BHUPALPALLE,,67,
127,7,Jayashankar Bhupalpally,Mutharam_Mahadevpur,09,1,24,,MANTHANI,,73,
128,7,Jayashankar Bhupalpally,Palmela,10,1,24,,MANTHANI,,74,
129,7,Jayashankar Bhupalpally,Regonda,11,1,108,,BHUPALPALLE,,68,
130,7,Jayashankar Bhupalpally,Tekumatla,12,1,108,,BHUPALPALLE,,69,
131,7,Jayashankar Bhupalpally,Bhupalpalle (U),13,2,108,,BHUPALPALLE,,578,
132,8,Jogulamba Gadwal,Aiza,01,1,80,,ALAMPUR (SC),,75,
133,8,Jogulamba Gadwal,Alampur,02,1,80,,ALAMPUR (SC),,76,
134,8,Jogulamba Gadwal,Dharoor,03,1,79,,GADWAL,,83,
135,8,Jogulamba Gadwal,Gadwal,04,1,79,,GADWAL,,84,
136,8,Jogulamba Gadwal,Ghattu,05,1,79,,GADWAL,,85,
137,8,Jogulamba Gadwal,Itikyal,06,1,80,,ALAMPUR (SC),,77,
138,8,Jogulamba Gadwal,Kaloor_Thimmandoddi,07,1,79,,GADWAL,,86,
139,8,Jogulamba Gadwal,Maldakal,08,1,79,,GADWAL,,87,
140,8,Jogulamba Gadwal,Manopad,09,1,80,,ALAMPUR (SC),,79,
141,8,Jogulamba Gadwal,Rajoli,10,1,80,,ALAMPUR (SC),,80,
142,8,Jogulamba Gadwal,Undavelli,11,1,80,,ALAMPUR (SC),,78,
143,8,Jogulamba Gadwal,Waddepalle,12,1,80,,ALAMPUR (SC),,81,
144,8,Jogulamba Gadwal,Yerravalli,13,1,80,,ALAMPUR (SC),,82,
145,8,Jogulamba Gadwal,Aiza (U),14,2,80,,ALAMPUR (SC),,579,
146,8,Jogulamba Gadwal,Alampur (P) (U),15,2,80,,ALAMPUR (SC),,580,
147,8,Jogulamba Gadwal,Gadwal Rural (U),16,2,79,,GADWAL,,581,
148,8,Jogulamba Gadwal,Waddepalle (U),17,2,80,,ALAMPUR (SC),,582,
149,9,Kamareddy,Banswada,01,1,14,,BANSWADA,,88,
150,9,Kamareddy,Bhiknoor,02,1,16,,KAMAREDDY,,99,
151,9,Kamareddy,Bibipet,03,1,16,,KAMAREDDY,,100,
152,9,Kamareddy,Bichkunda,04,1,13,,JUKKAL (SC),,91,
153,9,Kamareddy,Birkoor,05,1,14,,BANSWADA,,89,
154,9,Kamareddy,Domakonda,06,1,16,,KAMAREDDY,,101,
155,9,Kamareddy,Dongli,07,1,13,,JUKKAL (SC),,92,
156,9,Kamareddy,Gandhari,08,1,15,,YELLAREDDY,,106,
157,9,Kamareddy,Jukkal,09,1,13,,JUKKAL (SC),,93,
158,9,Kamareddy,Kamareddy,10,1,16,,KAMAREDDY,,102,
159,9,Kamareddy,Lingampet,11,1,15,,YELLAREDDY,,107,
160,9,Kamareddy,Machareddy,12,1,16,,KAMAREDDY,,103,
161,9,Kamareddy,Madnur,13,1,13,,JUKKAL (SC),,94,
162,9,Kamareddy,Mohammadnagar,14,1,13,,JUKKAL (SC),,95,
163,9,Kamareddy,Nagi_Reddypet,15,1,15,,YELLAREDDY,,108,
164,9,Kamareddy,Nasurullabad,16,1,14,,BANSWADA,,90,
165,9,Kamareddy,Nizamsagar,17,1,13,,JUKKAL (SC),,96,
166,9,Kamareddy,Palwancha,18,1,16,,KAMAREDDY,,104,
167,9,Kamareddy,Pedda Kodapgal,19,1,13,,JUKKAL (SC),,97,
168,9,Kamareddy,Pitlam,20,1,13,,JUKKAL (SC),,98,
169,9,Kamareddy,Rajampet,21,1,15,,YELLAREDDY,,109,
170,9,Kamareddy,Ramareddy,22,1,16,,KAMAREDDY,,105,
171,9,Kamareddy,Sadashivnagar,23,1,15,,YELLAREDDY,,110,
172,9,Kamareddy,Tadwai,24,1,15,,YELLAREDDY,,111,
173,9,Kamareddy,Yellareddy,25,1,15,,YELLAREDDY,,112,
174,9,Kamareddy,Banswada (U),26,2,14,,BANSWADA,,583,
175,9,Kamareddy,Kamareddy (U),27,2,16,,KAMAREDDY,,584,
176,9,Kamareddy,Yellareddy (U),28,2,15,,YELLAREDDY,,585,
177,10,Karimnagar,Chigurumamidi,01,1,32,,HUSNABAD,,116,
178,10,Karimnagar,Choppadandi,02,1,27,,CHOPPADANDI (SC),,113,
179,10,Karimnagar,Ellandakunta,03,1,31,,HUZURABAD,,118,
180,10,Karimnagar,Gangadhara,04,1,27,,CHOPPADANDI (SC),,114,
181,10,Karimnagar,Ganneruvaram,05,1,30,,MANAKONDUR (SC),,124,
182,10,Karimnagar,Huzurabad,06,1,31,,HUZURABAD,,119,
183,10,Karimnagar,Jammikunta,07,1,31,,HUZURABAD,,120,
184,10,Karimnagar,Karimnagar_Rural,08,1,26,,Karimnagar,,122,
185,10,Karimnagar,Kothapally,09,1,26,,Karimnagar,,123,
186,10,Karimnagar,Manakondur,10,1,30,,MANAKONDUR (SC),,125,
187,10,Karimnagar,Ramadugu,11,1,27,,CHOPPADANDI (SC),,115,
188,10,Karimnagar,Shankarapatnam,12,1,30,,MANAKONDUR (SC),,126,
189,10,Karimnagar,Thimmapur,13,1,30,,MANAKONDUR (SC),,127,
190,10,Karimnagar,V Saidapur,14,1,32,,HUSNABAD,,117,
191,10,Karimnagar,Veenavanka,15,1,31,,HUZURABAD,,121,
192,10,Karimnagar,Choppadandi (U),16,2,27,,CHOPPADANDI (SC),,586,
193,10,Karimnagar,Huzurabad (U),17,2,31,,HUZURABAD,,587,
194,10,Karimnagar,Jammikunta (U),18,2,31,,HUZURABAD,,588,
195,10,Karimnagar,Karimnagar (U),19,2,26,,Karimnagar,,589,
196,10,Karimnagar,Kothapalli(Haveli) (U),20,2,26,,Karimnagar,,590,
197,11,Khammam,Bonakal,01,1,114,,MADHIRA (SC),,129,
198,11,Khammam,Chintakani,02,1,114,,MADHIRA (SC),,130,
199,11,Khammam,Enkuru,03,1,115,,WYRA (ST),,143,
200,11,Khammam,Kalluru,04,1,116,,SATHUPALLE (SC),,138,
201,11,Khammam,Kamepalli,05,1,111,,YELLANDU (ST),,147,
202,11,Khammam,Khammam_Rural,06,1,113,,PALAIR,,134,
203,11,Khammam,Konijerla,07,1,115,,WYRA (ST),,144,
204,11,Khammam,Kusumanchi,08,1,113,,PALAIR,,135,
205,11,Khammam,Madhira,09,1,114,,MADHIRA (SC),,131,
206,11,Khammam,Mudigonda,10,1,114,,MADHIRA (SC),,132,
207,11,Khammam,Nelakondapally,11,1,113,,PALAIR,,136,
208,11,Khammam,Penuballi,12,1,116,,SATHUPALLE (SC),,139,
209,11,Khammam,Raghunadhapalem,13,1,112,,KHAMMAM,,128,
210,11,Khammam,Sathupally,14,1,116,,SATHUPALLE (SC),,140,
211,11,Khammam,Singareni,15,1,115,,WYRA (ST),,145,
212,11,Khammam,Thallada,16,1,116,,SATHUPALLE (SC),,141,
213,11,Khammam,Tirumalayapalem,17,1,113,,PALAIR,,137,
214,11,Khammam,Vemsoor,18,1,116,,SATHUPALLE (SC),,142,
215,11,Khammam,Wyra,19,1,115,,WYRA (ST),,146,
216,11,Khammam,Yerrupalem,20,1,114,,MADHIRA (SC),,133,
217,11,Khammam,Kalluru (U),21,2,116,,SATHUPALLE (SC),,,
218,11,Khammam,Khammam (U),22,2,112,,Khammam,,591,
219,11,Khammam,Madhira (U),23,2,114,,MADHIRA (SC),,592,
220,11,Khammam,Sathupally (U),24,2,116,,SATHUPALLE (SC),,593,
221,11,Khammam,Wyra (U),25,2,115,,WYRA (ST),,,
222,12,Kumuram bheem (asifabad),Asifabad,01,1,5,,ASIFABAD (ST),,148,
223,12,Kumuram bheem (asifabad),Bejjur,02,1,1,,SIRPUR,,156,
224,12,Kumuram bheem (asifabad),Chintalamanepally,03,1,1,,SIRPUR,,157,
225,12,Kumuram bheem (asifabad),Dahegaon,04,1,1,,SIRPUR,,158,
226,12,Kumuram bheem (asifabad),Jainoor,05,1,5,,ASIFABAD (ST),,149,
227,12,Kumuram bheem (asifabad),Kagaznagar,06,1,1,,SIRPUR,,159,
228,12,Kumuram bheem (asifabad),Kerameri,07,1,5,,ASIFABAD (ST),,150,
229,12,Kumuram bheem (asifabad),Kouthala,08,1,1,,SIRPUR,,160,
230,12,Kumuram bheem (asifabad),Lingapur,09,1,5,,ASIFABAD (ST),,151,
231,12,Kumuram bheem (asifabad),Penchikalpet,10,1,1,,SIRPUR,,161,
232,12,Kumuram bheem (asifabad),Rebbena,11,1,5,,ASIFABAD (ST),,152,
233,12,Kumuram bheem (asifabad),Sirpur_T,12,1,1,,SIRPUR,,162,
234,12,Kumuram bheem (asifabad),Sirpur_U,13,1,5,,ASIFABAD (ST),,153,
235,12,Kumuram bheem (asifabad),Tiryani,14,1,5,,ASIFABAD (ST),,154,
236,12,Kumuram bheem (asifabad),Wankidi,15,1,5,,ASIFABAD (ST),,155,
237,13,Mahabubabad,Bayyaram,01,1,111,,YELLANDU (ST),,179,
238,13,Mahabubabad,Chinnagudur,02,1,101,,DORNAKAL (ST),,163,
239,13,Mahabubabad,Danthalapalle,03,1,101,,DORNAKAL (ST),,164,
240,13,Mahabubabad,Dornakal,04,1,101,,DORNAKAL (ST),,165,
241,13,Mahabubabad,Gangaram,05,1,109,,Mulugu (ST),,175,
242,13,Mahabubabad,Garla,06,1,111,,YELLANDU (ST),,180,
243,13,Mahabubabad,Gudur,07,1,102,,MAHABUBABAD (ST),,170,
244,13,Mahabubabad,Inugurthy,08,1,102,,MAHABUBABAD (ST),,171,
245,13,Mahabubabad,Kesamudram,09,1,102,,MAHABUBABAD (ST),,172,
246,13,Mahabubabad,Kothaguda,10,1,109,,Mulugu (ST),,176,
247,13,Mahabubabad,Kuravi,11,1,101,,DORNAKAL (ST),,166,
248,13,Mahabubabad,Mahabubabad,12,1,102,,MAHABUBABAD (ST),,173,
249,13,Mahabubabad,Maripeda,13,1,101,,DORNAKAL (ST),,167,
250,13,Mahabubabad,Narsimhulapet,14,1,101,,DORNAKAL (ST),,168,
251,13,Mahabubabad,Nellikudur,15,1,97,,Alair,,174,
252,13,Mahabubabad,Peddavangara,16,1,100,,PALAKURTHI,,177,
253,13,Mahabubabad,Seerole,17,1,101,,DORNAKAL (ST),,169,
254,13,Mahabubabad,Thorrur,18,1,100,,PALAKURTHI,,178,
255,13,Mahabubabad,Dornakal (U),19,2,101,,Dornakal (ST),,596,
256,13,Mahabubabad,Mahabubabad (U),20,2,102,,MAHABUBABAD (ST),,597,
257,13,Mahabubabad,Maripeda (U),21,2,101,,DORNAKAL (ST),,598,
258,13,Mahabubabad,Thorrur (CT) (U),22,2,100,,Palakurthi,,599,
259,14,Mahabubnagar,Addakal,01,1,76,,Devarkadra,,181,
260,14,Mahabubnagar,Balanagar,02,1,75,,JADCHERLA,,188,
261,14,Mahabubnagar,Bhoothpur,03,1,76,,Devarkadra,,182,
262,14,Mahabubnagar,Chinna Chinta Kunta,04,1,76,,Devarkadra,,183,
263,14,Mahabubnagar,Devarkadra,05,1,76,,Devarkadra,,184,
264,14,Mahabubnagar,Gandeed,06,1,54,,PARGI,,195,
265,14,Mahabubnagar,Hanwada,07,1,74,,Mahbubnagar,,193,
266,14,Mahabubnagar,Jadcherla,08,1,75,,JADCHERLA,,189,
267,14,Mahabubnagar,Koilkonda,09,1,73,,NARAYANPET,,194,
268,14,Mahabubnagar,Koukuntla,10,1,76,,Devarkadra,,185,
269,14,Mahabubnagar,Mahabubnagar_Rural,11,1,76,,Devarkadra,,186,
270,14,Mahabubnagar,Midjil,12,1,75,,JADCHERLA,,190,
271,14,Mahabubnagar,Mohammadabad,13,1,54,,PARGI,,196,
272,14,Mahabubnagar,Moosapet,14,1,76,,Devarkadra,,187,
273,14,Mahabubnagar,Nawabpet,15,1,75,,JADCHERLA,,191,
274,14,Mahabubnagar,Rajapur,16,1,75,,JADCHERLA,,192,
275,14,Mahabubnagar,Bhoothpur (U),17,2,76,,Devarkadra,,600,
276,14,Mahabubnagar,Jadcherla (U),18,2,75,,JADCHERLA,,601,
277,14,Mahabubnagar,Mahbubnagar (U),19,2,74,,Mahbubnagar,,602,
278,15,Mancherial,Bellampalle,01,1,3,,Bellampalli (SC),,197,
279,15,Mancherial,Bheemaram,02,1,2,,CHENNUR (SC),,204,
280,15,Mancherial,Bheemini,03,1,3,,Bellampalli (SC),,198,
281,15,Mancherial,Chennur,04,1,2,,CHENNUR (SC),,205,
282,15,Mancherial,Dandepalle,05,1,4,,Mancherial,,210,
283,15,Mancherial,Hajipur,06,1,4,,Mancherial,,211,
284,15,Mancherial,Jaipur,07,1,2,,CHENNUR (SC),,206,
285,15,Mancherial,Jannaram,08,1,6,,KHANAPUR (ST),,209,
286,15,Mancherial,Kannepalli,09,1,3,,Bellampalli (SC),,199,
287,15,Mancherial,Kasipet,10,1,3,,Bellampalli (SC),,200,
288,15,Mancherial,Kotapalle,11,1,2,,CHENNUR (SC),,207,
289,15,Mancherial,Luxettipet,12,1,4,,Mancherial,,212,
290,15,Mancherial,Mandamarri,13,1,2,,CHENNUR (SC),,208,
291,15,Mancherial,Nennel,14,1,3,,Bellampalli (SC),,201,
292,15,Mancherial,Tandur,15,1,3,,Bellampalli (SC),,202,
293,15,Mancherial,Vemanpalle,16,1,3,,Bellampalli (SC),,203,
294,15,Mancherial,Bellampalli (U),17,2,3,,Bellampalli (SC),,603,
295,15,Mancherial,Chennur (U),18,2,2,,CHENNUR (SC),,604,
296,15,Mancherial,Kyethenpalle (U),19,2,2,,CHENNUR (SC),,605,
297,15,Mancherial,Luxettipet (U),20,2,4,,Mancherial,,606,
298,15,Mancherial,Mancherial (U),21,2,4,,Mancherial,,607,
299,15,Mancherial,Mandamarri (U),22,2,2,,CHENNUR (SC),,608,
300,15,Mancherial,Naspur (U),23,2,4,,Mancherial,,609,
301,16,Medak,Alladurg,01,1,36,,ANDOLE (SC),,213,
302,16,Medak,Chegunta,02,1,41,,DUBBAK,,216,
303,16,Medak,Chilipched,03,1,37,,NARSAPUR,,228,
304,16,Medak,Havelighanpur,04,1,34,,MEDAK,,221,
305,16,Medak,Kowdipally,05,1,37,,NARSAPUR,,229,
306,16,Medak,Kulcharam,06,1,37,,NARSAPUR,,230,
307,16,Medak,Manoharabad,07,1,42,,GAJWEL,,219,
308,16,Medak,Masaipet,08,1,41,,DUBBAK,,217,
309,16,Medak,Medak,09,1,34,,MEDAK,,222,
310,16,Medak,Narsapur,10,1,37,,NARSAPUR,,231,
311,16,Medak,Narsingi,11,1,41,,DUBBAK,,218,
312,16,Medak,Nizampet,12,1,34,,MEDAK,,223,
313,16,Medak,Papannapet,13,1,34,,MEDAK,,224,
314,16,Medak,Ramayampet,14,1,34,,MEDAK,,225,
315,16,Medak,Regode,15,1,36,,ANDOLE (SC),,214,
316,16,Medak,Shankarampet_A,16,1,35,,NARAYANKHED,,227,
317,16,Medak,Shankarampet_R,17,1,34,,MEDAK,,226,
318,16,Medak,Shivampet,18,1,37,,NARSAPUR,,232,
319,16,Medak,Tekmal,19,1,36,,ANDOLE (SC),,215,
320,16,Medak,Toopran,20,1,42,,GAJWEL,,220,
321,16,Medak,Yeldurthy,21,1,37,,NARSAPUR,,233,
322,16,Medak,Medak (U),22,2,34,,MEDAK,,,
323,16,Medak,Narsapur (U),23,2,37,,NARSAPUR,,611,
324,16,Medak,Ramayampet (U),24,2,34,,MEDAK,,612,
325,16,Medak,Toopran (U),25,2,42,,GAJWEL,,613,
326,17,Medchal-malkajgiri,Alwal,01,1,44,,Malkajgiri,,,
327,17,Medchal-malkajgiri,Bachupally,02,1,45,,Quthbullapur,,,
328,17,Medchal-malkajgiri,Balanagar,03,1,46,,Kukatpally,,,
329,17,Medchal-malkajgiri,Dundigal Gandimaisamma,04,1,45,,Quthbullapur,,,
330,17,Medchal-malkajgiri,Ghatkesar,05,1,43,,Medchal,,,
331,17,Medchal-malkajgiri,Kapra,06,1,43,,Medchal,,,
332,17,Medchal-malkajgiri,Keesara,07,1,43,,Medchal,,,
333,17,Medchal-malkajgiri,Kukatpally,08,1,46,,Kukatpally,,,
334,17,Medchal-malkajgiri,Malkajgiri,09,1,44,,Malkajgiri,,,
335,17,Medchal-malkajgiri,Medchal,10,1,43,,Medchal,,,
336,17,Medchal-malkajgiri,Medipally,11,1,43,,Medchal,,,
337,17,Medchal-malkajgiri,Muduchintalapally,12,1,43,,Medchal,,,
338,17,Medchal-malkajgiri,Quthbullapur,13,1,45,,Quthbullapur,,,
339,17,Medchal-malkajgiri,Shamirpet,14,1,43,,Medchal,,,
340,17,Medchal-malkajgiri,Uppal,15,1,47,,Uppal,,,
341,18,Mulugu,Eturnagaram,01,1,109,,Mulugu (ST),,236,
342,18,Mulugu,Govindaraopet,02,1,109,,Mulugu (ST),,237,
343,18,Mulugu,Kannaigudem,03,1,109,,Mulugu (ST),,238,
344,18,Mulugu,Mallampally,04,1,109,,Mulugu (ST),,239,
345,18,Mulugu,Mangapet,05,1,109,,Mulugu (ST),,240,
346,18,Mulugu,Mulugu,06,1,109,,Mulugu (ST),,241,
347,18,Mulugu,Tadvai (Sammakka Sarakka),07,1,109,,Mulugu (ST),,242,
348,18,Mulugu,Venkatapur,08,1,109,,Mulugu (ST),,243,
349,18,Mulugu,Venkatapuram,09,1,119,,BHADRACHALAM (ST),,234,
350,18,Mulugu,Wazeed,10,1,119,,BHADRACHALAM (ST),,235,
351,18,Mulugu,Mulug Municipality  (U),11,2,109,,Mulugu (ST),,627,
352,19,Nagarkurnool,Achampet,01,1,82,,ACHAMPET (SC),,244,
353,19,Nagarkurnool,Amrabad,02,1,82,,ACHAMPET (SC),,245,
354,19,Nagarkurnool,Balmoor,03,1,82,,ACHAMPET (SC),,246,
355,19,Nagarkurnool,Bijinapalle,04,1,81,,NAGARKURNOOL,,259,
356,19,Nagarkurnool,Charakonda,05,1,82,,ACHAMPET (SC),,247,
357,19,Nagarkurnool,Kalwakurthy,06,1,83,,KALWAKURTHY,,253,
358,19,Nagarkurnool,Kodair,07,1,85,,KOLLAPUR,,255,
359,19,Nagarkurnool,Kollapur,08,1,85,,KOLLAPUR,,256,
360,19,Nagarkurnool,Lingal,09,1,82,,ACHAMPET (SC),,248,
361,19,Nagarkurnool,Nagarkurnool,10,1,81,,NAGARKURNOOL,,260,
362,19,Nagarkurnool,Padara,11,1,82,,ACHAMPET (SC),,249,
363,19,Nagarkurnool,Peddakothapalle,12,1,85,,KOLLAPUR,,257,
364,19,Nagarkurnool,Pentlavelli,13,1,85,,KOLLAPUR,,258,
365,19,Nagarkurnool,Tadoor,14,1,81,,NAGARKURNOOL,,261,
366,19,Nagarkurnool,Telkapalle,15,1,97,,Alair,,262,
367,19,Nagarkurnool,Thimmajipeta,16,1,81,,NAGARKURNOOL,,263,
368,19,Nagarkurnool,Uppununthala,17,1,82,,ACHAMPET (SC),,250,
369,19,Nagarkurnool,Urkonda,18,1,75,,JADCHERLA,,252,
370,19,Nagarkurnool,Vangoor,19,1,82,,ACHAMPET (SC),,251,
371,19,Nagarkurnool,Veldanda,20,1,83,,KALWAKURTHY,,254,
372,19,Nagarkurnool,Achampeta (U),21,2,82,,ACHAMPET (SC),,628,
373,19,Nagarkurnool,Kalwakurthy (U),22,2,83,,KALWAKURTHY,,629,
374,19,Nagarkurnool,Kollapur (U),23,2,85,,KOLLAPUR,,630,
375,19,Nagarkurnool,Nagarkurnool (U),24,2,81,,NAGARKURNOOL,,631,
376,20,Nalgonda,Adavidevulapally,01,1,88,,MIRYALAGUDA,,272,
377,20,Nalgonda,Anumula_Haliya,02,1,87,,Nagarjuna Sagar,,282,
378,20,Nalgonda,Chandampet,03,1,86,,DEVARAKONDA (ST),,264,
379,20,Nalgonda,Chandur,04,1,93,,MUNUGODE,,277,
380,20,Nalgonda,Chinthapally,05,1,86,,DEVARAKONDA (ST),,265,
381,20,Nalgonda,Chityal,06,1,95,,NAKREKAL (SC),,288,
382,20,Nalgonda,Damaracherla,07,1,88,,MIRYALAGUDA,,273,
383,20,Nalgonda,Devarakonda,08,1,86,,DEVARAKONDA (ST),,266,
384,20,Nalgonda,Gattuppal,09,1,93,,MUNUGODE,,278,
385,20,Nalgonda,Gudipalli,10,1,86,,DEVARAKONDA (ST),,267,
386,20,Nalgonda,Gundlapally,11,1,86,,DEVARAKONDA (ST),,268,
387,20,Nalgonda,Gurrampode,12,1,87,,Nagarjuna Sagar,,283,
388,20,Nalgonda,Kanagal,13,1,92,,NALGONDA,,293,
389,20,Nalgonda,Kattangur,14,1,95,,NAKREKAL (SC),,289,
390,20,Nalgonda,Kethepally,15,1,95,,NAKREKAL (SC),,290,
391,20,Nalgonda,Kondamallapally,16,1,86,,DEVARAKONDA (ST),,269,
392,20,Nalgonda,Madugulapally,17,1,88,,MIRYALAGUDA,,274,
393,20,Nalgonda,Marriguda,18,1,93,,MUNUGODE,,279,
394,20,Nalgonda,Miryalaguda,19,1,88,,MIRYALAGUDA,,275,
395,20,Nalgonda,Munugode,20,1,93,,MUNUGODE,,280,
396,20,Nalgonda,Nakrekal,21,1,95,,NAKREKAL (SC),,291,
397,20,Nalgonda,Nalgonda,22,1,92,,NALGONDA,,294,
398,20,Nalgonda,Nampally,23,1,93,,MUNUGODE,,281,
399,20,Nalgonda,Narketpally,24,1,95,,NAKREKAL (SC),,292,
400,20,Nalgonda,Neredugommu,25,1,86,,DEVARAKONDA (ST),,270,
401,20,Nalgonda,Nidamanoor,26,1,87,,Nagarjuna Sagar,,284,
402,20,Nalgonda,Peda Adisharla Palli,27,1,86,,DEVARAKONDA (ST),,271,
403,20,Nalgonda,Peddavoora,28,1,87,,Nagarjuna Sagar,,285,
404,20,Nalgonda,Shaligouraram,29,1,96,,THUNGATHURTHI (SC),,296,
405,20,Nalgonda,Tipparthy,30,1,92,,NALGONDA,,295,
406,20,Nalgonda,Tirumalagiri_Sagar,31,1,87,,Nagarjuna Sagar,,286,
407,20,Nalgonda,Tripuraram,32,1,87,,Nagarjuna Sagar,,287,
408,20,Nalgonda,Vemulapally,33,1,88,,MIRYALAGUDA,,276,
409,20,Nalgonda,Anumula (U),34,2,87,,Nagarjuna Sagar,,632,
410,20,Nalgonda,Chandur (U),35,2,93,,MUNUGODE,,633,
411,20,Nalgonda,Chityala (U),36,2,95,,NAKREKAL (SC),,634,
412,20,Nalgonda,Devarakonda (U),37,2,86,,DEVARAKONDA (ST),,635,
413,20,Nalgonda,Miryalaguda (U),38,2,88,,MIRYALAGUDA,,636,
414,20,Nalgonda,Nakrekal (U),39,2,95,,NAKREKAL (SC),,637,
415,20,Nalgonda,Nalgonda (U),40,2,92,,NALGONDA,,638,
416,20,Nalgonda,Vijayapuri North (U),41,2,87,,Nagarjuna Sagar,,639,
417,21,Narayanpet,Damargidda,01,1,73,,NARAYANPET,,308,
418,21,Narayanpet,Dhanwada,02,1,77,,MAKTHAL,,301,
419,21,Narayanpet,Gundmal,03,1,72,,KODANGAL,,297,
420,21,Narayanpet,Kosgi,04,1,72,,KODANGAL,,298,
421,21,Narayanpet,Kothapalle,05,1,72,,KODANGAL,,299,
422,21,Narayanpet,Krishna,06,1,77,,MAKTHAL,,302,
423,21,Narayanpet,Maddur,07,1,72,,KODANGAL,,300,
424,21,Narayanpet,Maganoor,08,1,77,,MAKTHAL,,303,
425,21,Narayanpet,Makthal,09,1,77,,MAKTHAL,,304,
426,21,Narayanpet,Marikal,10,1,77,,MAKTHAL,,305,
427,21,Narayanpet,Narayanpet,11,1,73,,NARAYANPET,,309,
428,21,Narayanpet,Narva,12,1,77,,MAKTHAL,,306,
429,21,Narayanpet,Utkoor,13,1,77,,MAKTHAL,,307,
430,21,Narayanpet,Kosgi (U),14,2,72,,KODANGAL,,640,
431,21,Narayanpet,Makthal (U),15,2,77,,MAKTHAL,,641,
432,21,Narayanpet,Narayanpet (U),16,2,73,,NARAYANPET,,642,
433,22,Nirmal,Basar,01,1,10,,MUDHOLE,,314,
434,22,Nirmal,Bhainsa,02,1,10,,MUDHOLE,,315,
435,22,Nirmal,Dastuarabad,03,1,6,,KHANAPUR (ST),,310,
436,22,Nirmal,Dilawarpur,04,1,9,,NIRMAL,,322,
437,22,Nirmal,Kaddampeddur,05,1,6,,KHANAPUR (ST),,311,
438,22,Nirmal,Khanapur,06,1,6,,KHANAPUR (ST),,312,
439,22,Nirmal,Kubeer,07,1,10,,MUDHOLE,,316,
440,22,Nirmal,Kuntala,08,1,10,,MUDHOLE,,317,
441,22,Nirmal,Laxmanchanda,09,1,9,,NIRMAL,,323,
442,22,Nirmal,Lokeshwaram,10,1,10,,MUDHOLE,,318,
443,22,Nirmal,Mamda,11,1,9,,NIRMAL,,324,
444,22,Nirmal,Mudhole,12,1,10,,MUDHOLE,,319,
445,22,Nirmal,Narsapur_G,13,1,9,,MUDHOLE,,320,
446,22,Nirmal,Nirmal Rural,14,1,9,,NIRMAL,,325,
447,22,Nirmal,Pembi,15,1,6,,KHANAPUR (ST),,313,
448,22,Nirmal,Sarangapur,16,1,9,,NIRMAL,,326,
449,22,Nirmal,Soan,17,1,9,,NIRMAL,,327,
450,22,Nirmal,Tanoor,18,1,10,,MUDHOLE,,321,
451,22,Nirmal,Bhainsa (U),19,2,10,,MUDHOLE,,643,
452,22,Nirmal,Khanapur (U),20,2,6,,KHANAPUR (ST),,644,
453,22,Nirmal,Nirmal (U),21,2,9,,NIRMAL,,645,
454,23,Nizamabad,Aloor,01,1,11,,ARMUR,,328,
455,23,Nizamabad,Armoor,02,1,11,,ARMUR,,329,
456,23,Nizamabad,Balkonda,03,1,19,,BALKONDA,,333,
457,23,Nizamabad,Bheemgal,04,1,19,,BALKONDA,,334,
458,23,Nizamabad,Bodhan,05,1,12,,BODHAN,,347,
459,23,Nizamabad,Chandur,06,1,14,,BANSWADA,,341,
460,23,Nizamabad,Dharpally,07,1,18,,NIZAMABAD (RURAL),,353,
461,23,Nizamabad,Dichpally,08,1,18,,NIZAMABAD (RURAL),,354,
462,23,Nizamabad,Donkeshwar,09,1,11,,ARMUR,,330,
463,23,Nizamabad,Indalwai,10,1,18,,NIZAMABAD (RURAL),,355,
464,23,Nizamabad,Jakranpally,11,1,18,,NIZAMABAD (RURAL),,356,
465,23,Nizamabad,Kammarpally,12,1,19,,BALKONDA,,335,
466,23,Nizamabad,Kotagiri,13,1,14,,BANSWADA,,342,
467,23,Nizamabad,Makloor,14,1,11,,ARMUR,,331,
468,23,Nizamabad,Mendora,15,1,19,,BALKONDA,,336,
469,23,Nizamabad,Morthad,16,1,19,,BALKONDA,,337,
470,23,Nizamabad,Mosra,17,1,14,,BANSWADA,,343,
471,23,Nizamabad,Mugpal,18,1,18,,NIZAMABAD (RURAL),,357,
472,23,Nizamabad,Mupkal,19,1,19,,BALKONDA,,338,
473,23,Nizamabad,Nandipet,20,1,11,,ARMUR,,332,
474,23,Nizamabad,Navipet,21,1,12,,BODHAN,,348,
475,23,Nizamabad,Nizamabad Rural,22,1,18,,NIZAMABAD (RURAL),,349,
476,23,Nizamabad,Pothangal,23,1,14,,BANSWADA,,344,
477,23,Nizamabad,Renjal,24,1,12,,BODHAN,,350,
478,23,Nizamabad,Rudrur,25,1,14,,BANSWADA,,345,
479,23,Nizamabad,Saloora,26,1,12,,BODHAN,,351,
480,23,Nizamabad,Sirikonda,27,1,18,,NIZAMABAD (RURAL),,358,
481,23,Nizamabad,Vailpur,28,1,19,,BALKONDA,,339,
482,23,Nizamabad,Varni,29,1,14,,BANSWADA,,346,
483,23,Nizamabad,Yedapally,30,1,12,,BODHAN,,352,
484,23,Nizamabad,Yergatla,31,1,19,,BALKONDA,,340,
485,23,Nizamabad,Armoor (U),32,2,11,,ARMUR,,647,
486,23,Nizamabad,Bellal Tarafa (Bodhan Rural) (U),33,2,12,,BODHAN,,648,
487,23,Nizamabad,Bheemgal (U),34,2,19,,BALKONDA,,646,
488,23,Nizamabad,Nizamabad (U),35,2,17,,Nizamabad (Urban),,649,
489,24,Peddapalli,Anthergaon,01,1,23,,RAMAGUNDAM,,371,
490,24,Peddapalli,Dharmaram,02,1,22,,DHARMAPURI (SC),,359,
491,24,Peddapalli,Eligaid,03,1,25,,Peddapalle,,366,
492,24,Peddapalli,Julapalli,04,1,22,,DHARMAPURI (SC),,360,
493,24,Peddapalli,Kamanpur,05,1,24,,MANTHANI,,361,
494,24,Peddapalli,Manthani,06,1,24,,MANTHANI,,362,
495,24,Peddapalli,Mutharam_Manthani,07,1,24,,MANTHANI,,363,
496,24,Peddapalli,Odela,08,1,25,,Peddapalle,,367,
497,24,Peddapalli,Palakurthy,09,1,24,,MANTHANI,,364,
498,24,Peddapalli,Peddapalli,10,1,25,,Peddapalle,,368,
499,24,Peddapalli,Ramagiri,11,1,24,,MANTHANI,,365,
500,24,Peddapalli,Ramagundam,12,1,23,,RAMAGUNDAM,,372,
501,24,Peddapalli,Srirampur,13,1,25,,Peddapalle,,369,
502,24,Peddapalli,Sultanabad,14,1,25,,Peddapalle,,370,
503,24,Peddapalli,Manthani (U),15,2,24,,MANTHANI,,650,
504,24,Peddapalli,Peddapalle(CT) (U),16,2,25,,Peddapalle,,651,
505,24,Peddapalli,Ramagundam (U),17,2,23,,RAMAGUNDAM,,652,
506,24,Peddapalli,Sultanabad (U),18,2,25,,Peddapalle,,653,
507,25,Rajanna Sircilla,Boinpalli,01,1,27,,CHOPPADANDI (SC),,373,
508,25,Rajanna Sircilla,Chandurthi,02,1,28,,VEMULAWADA,,374,
509,25,Rajanna Sircilla,Gambhiraopet,03,1,29,,Sircilla,,375,
510,25,Rajanna Sircilla,Illanthakunta,04,1,30,,MANAKONDUR (SC),,376,
511,25,Rajanna Sircilla,Konaraopet,05,1,28,,VEMULAWADA,,377,
512,25,Rajanna Sircilla,Mustabad,06,1,29,,Sircilla,,378,
513,25,Rajanna Sircilla,Rudrangi,07,1,28,,VEMULAWADA,,379,
514,25,Rajanna Sircilla,Thangallapalli,08,1,29,,Sircilla,,380,
515,25,Rajanna Sircilla,Veernapalli,09,1,29,,Sircilla,,381,
516,25,Rajanna Sircilla,Vemulawada,10,1,28,,VEMULAWADA,,382,
517,25,Rajanna Sircilla,Vemulawada Rural,11,1,28,,VEMULAWADA,,383,
518,25,Rajanna Sircilla,Yellareddypeta,12,1,29,,Sircilla,,384,
519,25,Rajanna Sircilla,Sircilla (U),13,2,29,,Sircilla,,654,
520,25,Rajanna Sircilla,Vemulawada (U),14,2,28,,VEMULAWADA,,655,
521,26,Rangareddy,Abdullapurmet,01,1,48,,IBRAHIMPATNAM,,389,
522,26,Rangareddy,Amangal,02,1,83,,KALWAKURTHY,,394,
523,26,Rangareddy,Chevella,03,1,53,,CHEVELLA (SC),,386,
524,26,Rangareddy,Chowdergudem,04,1,84,,SHADNAGAR,,390,
525,26,Rangareddy,Farooqnagar,05,1,84,,SHADNAGAR,,401,
526,26,Rangareddy,Ibrahimpatnam,06,1,48,,IBRAHIMPATNAM,,391,
527,26,Rangareddy,Kadthal,07,1,83,,KALWAKURTHY,,395,
528,26,Rangareddy,Kandukur,08,1,50,,MAHESWARAM,,398,
529,26,Rangareddy,Keshampeta,09,1,84,,SHADNAGAR,,402,
530,26,Rangareddy,Kondurg,10,1,84,,SHADNAGAR,,403,
531,26,Rangareddy,Kothur,11,1,84,,SHADNAGAR,,404,
532,26,Rangareddy,Madgul,12,1,83,,KALWAKURTHY,,396,
533,26,Rangareddy,Maheswaram,13,1,50,,MAHESWARAM,,399,
534,26,Rangareddy,Manchal,14,1,48,,IBRAHIMPATNAM,,392,
535,26,Rangareddy,Moinabad,15,1,53,,CHEVELLA (SC),,387,
536,26,Rangareddy,Nandigama,16,1,84,,SHADNAGAR,,405,
537,26,Rangareddy,Shabad,17,1,53,,CHEVELLA (SC),,388,
538,26,Rangareddy,Shamshabad,18,1,51,,RAJENDRANAGAR,,400,
539,26,Rangareddy,Shankarpalle,19,1,53,,CHEVELLA (SC),,385,
540,26,Rangareddy,Talakondapally,20,1,83,,KALWAKURTHY,,397,
541,26,Rangareddy,Yacharam,21,1,48,,IBRAHIMPATNAM,,393,
542,27,Sangareddy,Andole,01,1,36,,ANDOLE (SC),,406,
543,27,Sangareddy,Chowtakur,02,1,36,,ANDOLE (SC),,407,
544,27,Sangareddy,Gummadidala,03,1,40,,PATANCHERU,,420,
545,27,Sangareddy,Hathnoora,04,1,37,,NARSAPUR,,419,
546,27,Sangareddy,Jharasangam,05,1,38,,Zaheerabad (SC),,426,
547,27,Sangareddy,Kalher,06,1,35,,NARAYANKHED,,412,
548,27,Sangareddy,Kandi,07,1,39,,SANGAREDDY,,422,
549,27,Sangareddy,Kangti,08,1,35,,NARAYANKHED,,413,
550,27,Sangareddy,Kohir,09,1,38,,Zaheerabad (SC),,427,
551,27,Sangareddy,Kondapur,10,1,39,,SANGAREDDY,,423,
552,27,Sangareddy,Manoor,11,1,35,,NARAYANKHED,,414,
553,27,Sangareddy,Mogudampally,12,1,38,,Zaheerabad (SC),,428,
554,27,Sangareddy,Munipally,13,1,36,,ANDOLE (SC),,408,
555,27,Sangareddy,Nagalgidda,14,1,35,,NARAYANKHED,,415,
556,27,Sangareddy,Narayankhed,15,1,35,,NARAYANKHED,,416,
557,27,Sangareddy,Nizampet,16,1,35,,NARAYANKHED,,417,
558,27,Sangareddy,Nyalkal,17,1,38,,Zaheerabad (SC),,429,
559,27,Sangareddy,Patancheruvu,18,1,40,,PATANCHERU,,421,
560,27,Sangareddy,Pulkal,19,1,36,,ANDOLE (SC),,409,
561,27,Sangareddy,Raikode,20,1,36,,ANDOLE (SC),,410,
562,27,Sangareddy,Sadasivpet,21,1,39,,SANGAREDDY,,424,
563,27,Sangareddy,Sangareddy,22,1,39,,SANGAREDDY,,425,
564,27,Sangareddy,Sirgapoor,23,1,35,,NARAYANKHED,,418,
565,27,Sangareddy,Vatpally,24,1,36,,ANDOLE (SC),,411,
566,27,Sangareddy,Zahirabad,25,1,38,,Zaheerabad (SC),,430,
567,27,Sangareddy,Ameenpur (U),26,2,40,,Patancheru,,673,
568,27,Sangareddy,Andole (U),27,2,36,,Andole (SC),,672,
569,27,Sangareddy,Bollaram (U),28,2,40,,Patancheru,,674,
570,27,Sangareddy,Narayankhed (U),29,2,35,,Narayankhed,,675,
571,27,Sangareddy,Sadasivpet (U),30,2,39,,Sangareddy,,676,
572,27,Sangareddy,Sangareddy (U),31,2,39,,Sangareddy,,677,
573,27,Sangareddy,Tellapur (U),32,2,40,,Patancheru,,678,
574,27,Sangareddy,Zahirabad (U),33,2,38,,Zaheerabad (SC),,679,
575,28,Siddipet,Akbarpet-bhoompally,01,1,41,,DUBBAK,,431,
576,28,Siddipet,Akkannapet,02,1,32,,HUSNABAD,,444,
577,28,Siddipet,Bejjanki,03,1,30,,MANAKONDUR (SC),,451,
578,28,Siddipet,Cherial,04,1,98,,JANGAON,,447,
579,28,Siddipet,Chinnakodur,05,1,33,,SIDDIPET,,452,
580,28,Siddipet,Dhoolumitta,06,1,98,,JANGAON,,448,
581,28,Siddipet,Doultabad,07,1,41,,DUBBAK,,432,
582,28,Siddipet,Dubbak,08,1,41,,DUBBAK,,433,
583,28,Siddipet,Gajwel,09,1,42,,GAJWEL,,437,
584,28,Siddipet,Husnabad,10,1,32,,HUSNABAD,,445,
585,28,Siddipet,Jagdevpur,11,1,42,,GAJWEL,,438,
586,28,Siddipet,Koheda,12,1,32,,HUSNABAD,,446,
587,28,Siddipet,Komuravelli,13,1,98,,JANGAON,,449,
588,28,Siddipet,Kondapak,14,1,42,,GAJWEL,,439,
589,28,Siddipet,Kukunoorpally,15,1,42,,GAJWEL,,440,
590,28,Siddipet,Maddur,16,1,98,,JANGAON,,450,
591,28,Siddipet,Markook,17,1,42,,GAJWEL,,441,
592,28,Siddipet,Mirdoddi,18,1,41,,DUBBAK,,434,
593,28,Siddipet,Mulug,19,1,42,,GAJWEL,,442,
594,28,Siddipet,Nangnoor,20,1,33,,SIDDIPET,,453,
595,28,Siddipet,Narayanraopet,21,1,33,,SIDDIPET,,454,
596,28,Siddipet,Raipole,22,1,41,,DUBBAK,,435,
597,28,Siddipet,Siddipet_Rural,23,1,33,,SIDDIPET,,455,
598,28,Siddipet,Siddipet_Urban,24,1,33,,SIDDIPET,,456,
599,28,Siddipet,Thoguta,25,1,41,,DUBBAK,,436,
600,28,Siddipet,Wargal,26,1,42,,GAJWEL,,443,
601,28,Siddipet,Cherial (U),27,2,98,,JANGAON,,680,
602,28,Siddipet,Dubbak (U),28,2,41,,Dubbak,,681,
603,28,Siddipet,Gajwel (U),29,2,42,,GAJWEL,,682,
604,28,Siddipet,Husnabad (U),30,2,32,,HUSNABAD,,683,
605,28,Siddipet,Siddipet (M + OG) (U),31,2,33,,SIDDIPET,,684,
606,29,Suryapet,Ananthagiri,01,1,90,,KODAD,,464,
607,29,Suryapet,Atmakur_S,02,1,91,,SURYAPET,,470,
608,29,Suryapet,Chilkur,03,1,90,,KODAD,,465,
609,29,Suryapet,Chinthala palem,04,1,89,,Huzurnagar,,457,
610,29,Suryapet,Chivvemla,05,1,91,,SURYAPET,,471,
611,29,Suryapet,Garidepalli,06,1,89,,Huzurnagar,,458,
612,29,Suryapet,Huzur nagar,07,1,89,,Huzurnagar,,459,
613,29,Suryapet,Jajireddigudem,08,1,96,,THUNGATHURTHI (SC),,474,
614,29,Suryapet,Kodad,09,1,90,,KODAD,,466,
615,29,Suryapet,Maddirala,10,1,96,,THUNGATHURTHI (SC),,475,
616,29,Suryapet,Mattampalli,11,1,89,,Huzurnagar,,460,
617,29,Suryapet,Mellachervu,12,1,89,,Huzurnagar,,461,
618,29,Suryapet,Mothey,13,1,90,,KODAD,,467,
619,29,Suryapet,Munagala,14,1,90,,KODAD,,468,
620,29,Suryapet,Nadigudem,15,1,90,,KODAD,,469,
621,29,Suryapet,Nagaram,16,1,96,,THUNGATHURTHI (SC),,476,
622,29,Suryapet,Nereducherla,17,1,89,,Huzurnagar,,462,
623,29,Suryapet,Noothankal,18,1,96,,THUNGATHURTHI (SC),,477,
624,29,Suryapet,Palakeedu,19,1,89,,Huzurnagar,,463,
625,29,Suryapet,Penpahad,20,1,91,,SURYAPET,,472,
626,29,Suryapet,Suryapet,21,1,91,,SURYAPET,,473,
627,29,Suryapet,Thungathurthy,22,1,96,,THUNGATHURTHI (SC),,478,
628,29,Suryapet,Tirumalagiri,23,1,96,,THUNGATHURTHI (SC),,479,
629,29,Suryapet,Huzur nagar (U),24,2,89,,Huzurnagar,,685,
630,29,Suryapet,Kodad (U),25,2,90,,KODAD,,686,
631,29,Suryapet,Nereducherla (U),26,2,89,,Huzurnagar,,687,
632,29,Suryapet,Suryapet (U),27,2,91,,SURYAPET,,688,
633,29,Suryapet,Tirumalagiri (U),28,2,96,,THUNGATHURTHI (SC),,689,
634,30,Vikarabad,Bantwaram,01,1,55,,VICARABAD (SC),,495,
635,30,Vikarabad,Basheerabad,02,1,56,,TANDUR,,490,
636,30,Vikarabad,Bommaraspeta,03,1,72,,KODANGAL,,481,
637,30,Vikarabad,Chowdapur,04,1,54,,PARGI,,485,
638,30,Vikarabad,Dharoor,05,1,55,,VICARABAD (SC),,496,
639,30,Vikarabad,Doma,06,1,54,,PARGI,,486,
640,30,Vikarabad,Doulthabad,07,1,72,,KODANGAL,,482,
641,30,Vikarabad,Dudyal,08,1,72,,KODANGAL,,483,
642,30,Vikarabad,Kodangal,09,1,72,,KODANGAL,,484,
643,30,Vikarabad,Kotepally,10,1,56,,TANDUR,,491,
644,30,Vikarabad,Kulkacharla,11,1,54,,PARGI,,487,
645,30,Vikarabad,Marpalle,12,1,55,,VICARABAD (SC),,497,
646,30,Vikarabad,Mominpet,13,1,55,,VICARABAD (SC),,498,
647,30,Vikarabad,Nawabpet,14,1,53,,CHEVELLA (SC),,480,
648,30,Vikarabad,Pargi,15,1,54,,PARGI,,488,
649,30,Vikarabad,Peddemul,16,1,56,,TANDUR,,492,
650,30,Vikarabad,Pudur,17,1,54,,PARGI,,489,
651,30,Vikarabad,Tandur,18,1,56,,TANDUR,,493,
652,30,Vikarabad,Vikarabad,19,1,55,,VICARABAD (SC),,499,
653,30,Vikarabad,Yelal,20,1,56,,TANDUR,,494,
654,30,Vikarabad,Kodangal (U),21,2,72,,KODANGAL,,690,
655,30,Vikarabad,Pargi (U),22,2,54,,PARGI,,691,
656,30,Vikarabad,Tandur (U),23,2,56,,TANDUR,,692,
657,30,Vikarabad,Vikarabad (U),24,2,55,,VICARABAD (SC),,693,
658,31,Wanaparthy,Amarachinta,01,1,77,,MAKTHAL,,500,
659,31,Wanaparthy,Atmakur,02,1,77,,MAKTHAL,,501,
660,31,Wanaparthy,Chinnambavi,03,1,85,,KOLLAPUR,,502,
661,31,Wanaparthy,Ghanpur,04,1,78,,WANAPARTHY,,503,
662,31,Wanaparthy,Gopalpet,05,1,78,,WANAPARTHY,,504,
663,31,Wanaparthy,Kothakota,06,1,76,,Devarkadra,,505,
664,31,Wanaparthy,Madanapur,07,1,76,,Devarkadra,,506,
665,31,Wanaparthy,Pangal,08,1,85,,KOLLAPUR,,507,
666,31,Wanaparthy,Pebbair,09,1,78,,WANAPARTHY,,508,
667,31,Wanaparthy,Peddamandaddi,10,1,78,,WANAPARTHY,,509,
668,31,Wanaparthy,Revally,11,1,78,,WANAPARTHY,,510,
669,31,Wanaparthy,Srirangapur,12,1,78,,WANAPARTHY,,511,
670,31,Wanaparthy,Wanaparthy,13,1,78,,WANAPARTHY,,512,
671,31,Wanaparthy,Weepangandla,14,1,85,,KOLLAPUR,,513,
672,31,Wanaparthy,Yedula,15,1,78,,WANAPARTHY,,514,
673,31,Wanaparthy,Amarchinta (U),16,2,77,,MAKTHAL,,694,
674,31,Wanaparthy,Atmakur (U),17,2,77,,MAKTHAL,,695,
675,31,Wanaparthy,Kothakota (U),18,2,76,,Devarkadra,,696,
676,31,Wanaparthy,Pebbair (U),19,2,78,,WANAPARTHY,,697,
677,31,Wanaparthy,Wanaparthy (U),20,2,78,,WANAPARTHY,,698,
678,32,Warangal,Chennaraopet,01,1,103,,NARSAMPET,,556,
679,32,Warangal,Duggondi,02,1,103,,NARSAMPET,,557,
680,32,Warangal,Geesugonda,03,1,104,,PARKAL,,558,
681,32,Warangal,Khanapur,04,1,103,,NARSAMPET,,559,
682,32,Warangal,Khila Warangal,05,1,106,,Warangal East,,567,
683,32,Warangal,Nallabelly,06,1,103,,NARSAMPET,,560,
684,32,Warangal,Narsampet,07,1,103,,NARSAMPET,,561,
685,32,Warangal,Nekkonda,08,1,103,,NARSAMPET,,562,
686,32,Warangal,Parvathagiri,09,1,107,,WARADHANAPET (SC),,563,
687,32,Warangal,Rayaparthy,10,1,100,,PALAKURTHI,,564,
688,32,Warangal,Sangem,11,1,104,,PARKAL,,565,
689,32,Warangal,Warangal,12,1,106,,Warangal East,,568,
690,32,Warangal,Wardhannapet,13,1,107,,WARADHANAPET (SC),,566,
691,32,Warangal,Narsampet  (U),14,2,103,,NARSAMPET,,712,
692,32,Warangal,Wardhannapet (U),15,2,107,,WARADHANAPET (SC),,713,
693,33,Yadadri Bhuvanagiri,Addagudur,01,1,96,,THUNGATHURTHI (SC),,530,
694,33,Yadadri Bhuvanagiri,Alair,02,1,97,,ALAIR,,515,
695,33,Yadadri Bhuvanagiri,Athmakur (M),03,1,97,,ALAIR,,516,
696,33,Yadadri Bhuvanagiri,B.Pochampally,04,1,94,,BHONGIR,,523,
697,33,Yadadri Bhuvanagiri,Bhongiri,05,1,94,,BHONGIR,,524,
698,33,Yadadri Bhuvanagiri,Bibinagar,06,1,94,,BHONGIR,,525,
699,33,Yadadri Bhuvanagiri,Bommalaramaram,07,1,97,,ALAIR,,517,
700,33,Yadadri Bhuvanagiri,Choutuppal,08,1,93,,MUNUGODE,,527,
701,33,Yadadri Bhuvanagiri,Gundala,09,1,97,,ALAIR,,518,
702,33,Yadadri Bhuvanagiri,Motakondur,10,1,97,,ALAIR,,519,
703,33,Yadadri Bhuvanagiri,Mothkur,11,1,96,,THUNGATHURTHI (SC),,531,
704,33,Yadadri Bhuvanagiri,Narayanapoor,12,1,93,,MUNUGODE,,528,
705,33,Yadadri Bhuvanagiri,Rajapeta,13,1,97,,ALAIR,,520,
706,33,Yadadri Bhuvanagiri,Ramannapet,14,1,95,,NAKREKAL (SC),,529,
707,33,Yadadri Bhuvanagiri,Turkapalle_M,15,1,97,,ALAIR,,521,
708,33,Yadadri Bhuvanagiri,Valigonda,16,1,94,,BHONGIR,,526,
709,33,Yadadri Bhuvanagiri,Yadagirigutta,17,1,97,,ALAIR,,522,
710,33,Yadadri Bhuvanagiri,Alair (U),18,2,97,,Alair,,699,
711,33,Yadadri Bhuvanagiri,Bhongir (U),19,2,94,,BHONGIR,,700,
712,33,Yadadri Bhuvanagiri,Choutuppal (U),20,2,93,,MUNUGODE,,701,
713,33,Yadadri Bhuvanagiri,Mothkur (U),21,2,96,,THUNGATHURTHI (SC),,702,
714,33,Yadadri Bhuvanagiri,Pochampalle (U),22,2,94,,BHONGIR,,703,
715,33,Yadadri Bhuvanagiri,Yadagiripally (U),23,2,97,,Alair,,704,
716,13,Mahabubabad,kesamudram (U),23,2,102,,Mahabubabad (ST),Mahabubabad,,
718,26,Rangareddy,Balapur,22,1,50,,Maheswaram,,0,
719,26,Rangareddy,Gandipet,23,1,51,,Rajendranagar,,0,
720,26,Rangareddy,Hayathnagar,24,1,49,,Lal Bahadur Nagar,,0,
721,26,Rangareddy,Rajendranagar,25,1,51,,Rajendranagar,,0,
722,26,Rangareddy,Saroornagar,24,1,49,,Lal Bahadur Nagar,,0,
723,26,Rangareddy,Serilingampally,25,1,49,,Serilingampally,,0,
724,2,Bhadradri Kothagudem,Aswaraopeta(U),26,2,118,,Aswaraopeta (ST),,,
